date,equity_curve,running_peak,drawdown
2023-02-01,0.9996557104011233,0.9996557104011233,0.0
2023-02-02,0.9985832003808724,0.9996557104011233,-0.0010728794014696064
2023-02-03,0.9953342763949766,0.9996557104011233,-0.004322922343346303
2023-02-06,0.9861682032263691,0.9996557104011233,-0.013492152382486022
2023-02-07,0.9861783392949152,0.9996557104011233,-0.013482012822994993
2023-02-08,0.996967422310887,0.9996557104011233,-0.00268921395863142
2023-02-09,0.992053354130612,0.9996557104011233,-0.007604974584160318
2023-02-10,0.9866497285531235,0.9996557104011233,-0.01301046121447258
2023-02-13,0.9858915785501866,0.9996557104011233,-0.013768872330468418
2023-02-14,0.9903137064259174,0.9996557104011233,-0.009345221437746076
2023-02-15,0.9822427218662767,0.9996557104011233,-0.017418985710449753
2023-02-16,0.9948571441914321,0.9996557104011233,-0.004800218875122275
2023-02-17,0.9999729446786717,0.9999729446786717,0.0
2023-02-20,1.0130015893315532,1.0130015893315532,0.0
2023-02-21,1.026551457189973,1.026551457189973,0.0
2023-02-22,1.0155920520645416,1.026551457189973,-0.010675943274612854
2023-02-23,1.019740629817664,1.026551457189973,-0.006634667287846119
2023-02-24,1.0067858723592624,1.026551457189973,-0.019254353683171188
2023-02-27,1.0104687360994267,1.026551457189973,-0.015666746150816757
2023-02-28,1.0057491692152525,1.026551457189973,-0.02026424279954131
2023-03-02,1.0207865416887003,1.026551457189973,-0.005615807625516611
2023-03-03,1.0227503236539826,1.026551457189973,-0.003702818314042844
2023-03-06,1.013332295315857,1.026551457189973,-0.012877252067131084
2023-03-07,1.0158997237764313,1.026551457189973,-0.01037622940276095
2023-03-08,1.0072293076910572,1.026551457189973,-0.018822387678263275
2023-03-09,1.0070606067618333,1.026551457189973,-0.01898672520663791
2023-03-10,0.9915094271955328,1.026551457189973,-0.03413567800133699
2023-03-13,0.985007088563903,1.026551457189973,-0.04046983552075545
2023-03-14,0.9544967719552458,1.026551457189973,-0.07019101159523533
2023-03-15,0.9689289914417072,1.026551457189973,-0.05613207730082859
2023-03-16,0.9618575866197105,1.026551457189973,-0.06302058227782559
2023-03-17,0.9669991286224477,1.026551457189973,-0.05801202477520284
2023-03-20,0.9679465521039937,1.026551457189973,-0.05708910612859208
2023-03-21,0.9732889514351774,1.026551457189973,-0.05188488641435818
2023-03-22,0.9711799949473243,1.026551457189973,-0.053939295351272065
2023-03-23,0.9697523949744935,1.026551457189973,-0.055329970862793565
2023-03-24,0.9708594990901448,1.026551457189973,-0.05425150167559678
2023-03-27,0.9764897659338394,1.026551457189973,-0.048766860058988004
2023-03-28,0.9885141777945954,1.026551457189973,-0.0370534561409116
2023-03-29,0.991647105623374,1.026551457189973,-0.03400156058629955
2023-03-30,0.9951927796120081,1.026551457189973,-0.030547594432143166
2023-03-31,1.0095840850669628,1.026551457189973,-0.016528515939625343
2023-04-03,1.0078738257466997,1.026551457189973,-0.018194539896129958
2023-04-04,1.015997103869793,1.026551457189973,-0.010281368017411308
2023-04-05,1.0177794577439756,1.026551457189973,-0.008545114211818805
2023-04-06,1.0008793418103168,1.026551457189973,-0.025008113524021214
2023-04-07,1.0066866440510758,1.026551457189973,-0.01935101547980267
2023-04-10,1.0034845109877633,1.026551457189973,-0.022470326295529253
2023-04-11,1.020476803185505,1.026551457189973,-0.0059175348317136445
2023-04-12,1.029887868212981,1.029887868212981,0.0
2023-04-13,1.0352883128202657,1.0352883128202657,0.0
2023-04-14,1.0390284195467059,1.0390284195467059,0.0
2023-04-17,1.040729879657212,1.040729879657212,0.0
2023-04-18,1.0398603292413426,1.040729879657212,-0.0008355197951611659
2023-04-19,1.0464637686060472,1.0464637686060472,0.0
2023-04-20,1.0438269081138423,1.0464637686060472,-0.002519781927775022
2023-04-21,1.0358298406918696,1.0464637686060472,-0.010161773616245373
2023-04-24,1.0272837821072658,1.0464637686060472,-0.018328380851952764
2023-04-25,1.0236213453829417,1.0464637686060472,-0.02182820266537555
2023-04-26,1.0149757759352367,1.0464637686060472,-0.030089902407948954
2023-04-27,1.0025634371889793,1.0464637686060472,-0.04195112409438284
2023-04-28,1.0083730886178313,1.0464637686060472,-0.03639942550419595
2023-05-02,1.022087719415906,1.0464637686060472,-0.02329373450034644
2023-05-03,1.0111746220371851,1.0464637686060472,-0.033722282249551094
2023-05-04,1.011963373745847,1.0464637686060472,-0.03296855170261337
2023-05-08,1.0199542480387915,1.0464637686060472,-0.02533247816364237
2023-05-09,1.015882452302089,1.0464637686060472,-0.029223483145235152
2023-05-10,1.010332104154202,1.0464637686060472,-0.034527391712734445
2023-05-11,1.0130925009733684,1.0464637686060472,-0.031889558562673614
2023-05-12,1.0073978837509567,1.0464637686060472,-0.03733133055063009
2023-05-15,1.0021139118274311,1.0464637686060472,-0.04238069019598523
2023-05-16,0.9981858408284012,1.0464637686060472,-0.04613435192501225
2023-05-17,0.9979531072801517,1.0464637686060472,-0.046356751930852425
2023-05-18,1.007882324398205,1.0464637686060472,-0.03686839942794684
2023-05-19,1.0120851127311445,1.0464637686060472,-0.032852218018686985
2023-05-22,1.0228700391386807,1.0464637686060472,-0.02254615035434504
2023-05-23,1.0239958102555073,1.0464637686060472,-0.021470364311292456
2023-05-24,1.0232043973606462,1.0464637686060472,-0.022226637885785494
2023-05-25,1.0171672673099619,1.0464637686060472,-0.02799571487803154
2023-05-26,1.0103686393081937,1.0464637686060472,-0.034492478746717015
2023-05-30,1.0189901195724325,1.0464637686060472,-0.026253798609971235
2023-05-31,1.0188976253347237,1.0464637686060472,-0.026342186034823967
2023-06-01,1.011754133296917,1.0464637686060472,-0.0331685017201937
2023-06-02,1.0189918476552495,1.0464637686060472,-0.026252147255314773
2023-06-05,1.0346458641379812,1.0464637686060472,-0.011293180731721031
2023-06-07,1.0365658348331448,1.0464637686060472,-0.009458458161515693
2023-06-08,1.041173441675817,1.0464637686060472,-0.005055432485041811
2023-06-09,1.0516571043512084,1.0516571043512084,0.0
2023-06-12,1.0457054749228445,1.0516571043512084,-0.005659287046832273
2023-06-13,1.047139071054989,1.0516571043512084,-0.004296108757812833
2023-06-14,1.0466988491511406,1.0516571043512084,-0.0047147070842321614
2023-06-15,1.0433327742642244,1.0516571043512084,-0.007915441309284343
2023-06-16,1.057777673805387,1.057777673805387,0.0
2023-06-19,1.0623501231377517,1.0623501231377517,0.0
2023-06-20,1.0674237290519846,1.0674237290519846,0.0
2023-06-21,1.054491099586567,1.0674237290519846,-0.012115741025265914
2023-06-22,1.0582927324070663,1.0674237290519846,-0.00855423801851185
2023-06-23,1.0415424776535505,1.0674237290519846,-0.024246464355275443
2023-06-26,1.0536419752620987,1.0674237290519846,-0.012911230484004665
2023-06-27,1.0579188227015048,1.0674237290519846,-0.008904529749325873
2023-06-28,1.057339358010401,1.0674237290519846,-0.009447392602504712
2023-06-29,1.0425000008162904,1.0674237290519846,-0.02334942306166443
2023-06-30,1.0530008987190604,1.0674237290519846,-0.013511813481730917
2023-07-03,1.066635313961886,1.0674237290519846,-0.0007386149179939849
2023-07-04,1.0551839660347564,1.0674237290519846,-0.011466639427342273
2023-07-05,1.0463691368898274,1.0674237290519846,-0.019724680639109038
2023-07-06,1.0291687157730856,1.0674237290519846,-0.035838638619055785
2023-07-07,1.0181227993125177,1.0674237290519846,-0.046186840705942256
2023-07-10,1.0195468076290382,1.0674237290519846,-0.04485277975361068
2023-07-11,1.0280659574934894,1.0674237290519846,-0.03687174126572035
2023-07-12,1.0415777009708398,1.0674237290519846,-0.024213465915826626
2023-07-13,1.0441769979010231,1.0674237290519846,-0.021778353355145663
2023-07-14,1.0651568253985915,1.0674237290519846,-0.002123714876946181
2023-07-17,1.056862894835324,1.0674237290519846,-0.009893760021655096
2023-07-18,1.0461850685708811,1.0674237290519846,-0.019897122298345615
2023-07-19,1.0408103830072026,1.0674237290519846,-0.02493231630555759
2023-07-20,1.049484143306378,1.0674237290519846,-0.01680643333790166
2023-07-21,1.0474715160709165,1.0674237290519846,-0.018691933145226547
2023-07-24,1.0386945091938402,1.0674237290519846,-0.026914541129472336
2023-07-25,1.0448817421474883,1.0674237290519846,-0.021118124219063894
2023-07-26,1.0192380029575139,1.0674237290519846,-0.045142078804324526
2023-07-27,1.0433703975655708,1.0674237290519846,-0.022534004849017464
2023-07-28,1.0375636071546956,1.0674237290519846,-0.027974009837507308
2023-07-31,1.0481314496581715,1.0674237290519846,-0.018073684206877383
2023-08-01,1.05162153794851,1.0674237290519846,-0.01480404704653604
2023-08-02,1.037762373474133,1.0674237290519846,-0.027787798575730327
2023-08-03,1.0386317121745632,1.0674237290519846,-0.026973371580368166
2023-08-04,1.036874271369519,1.0674237290519846,-0.02861980378644724
2023-08-07,1.0290335038807266,1.0674237290519846,-0.03596530986373492
2023-08-08,1.0377015824565528,1.0674237290519846,-0.027844749733855978
2023-08-09,1.0384110848387607,1.0674237290519846,-0.027180063009271005
2023-08-10,1.042207146721885,1.0674237290519846,-0.02362377905210644
2023-08-11,1.0410069558502668,1.0674237290519846,-0.02474815996940538
2023-08-14,1.0369255103607722,1.0674237290519846,-0.028571801301718214
2023-08-16,1.0146264628596289,1.0674237290519846,-0.04946233136417788
2023-08-17,1.0111164166059647,1.0674237290519846,-0.052750665844789046
2023-08-18,1.0120508653342117,1.0674237290519846,-0.051875241490978774
2023-08-21,1.0198305110905244,1.0674237290519846,-0.04458699639713781
2023-08-22,1.0237876647904034,1.0674237290519846,-0.04087979597412161
2023-08-23,1.0166886368904797,1.0674237290519846,-0.04753041438058003
2023-08-24,1.0174040485763256,1.0674237290519846,-0.04686019161301869
2023-08-25,1.0123992730771765,1.0674237290519846,-0.051548840893463344
2023-08-28,1.035107853022972,1.0674237290519846,-0.030274646468383626
2023-08-29,1.0441203587137156,1.0674237290519846,-0.021831414933004667
2023-08-30,1.043413396906926,1.0674237290519846,-0.02249372155740159
2023-08-31,1.0557985720041092,1.0674237290519846,-0.010890854991766119
2023-09-01,1.0371317586780537,1.0674237290519846,-0.0283785806418545
2023-09-04,1.0552397062783776,1.0674237290519846,-0.011414420011468196
2023-09-05,1.0527288070681773,1.0674237290519846,-0.013766718486629803
2023-09-06,1.0449467049230015,1.0674237290519846,-0.021057264811740417
2023-09-07,1.0338582696408471,1.0674237290519846,-0.03144530002246437
2023-09-08,1.0364274812199286,1.0674237290519846,-0.029038372474242125
2023-09-11,1.0405514668496119,1.0674237290519846,-0.02517487804607721
2023-09-12,1.0240204537328021,1.0674237290519846,-0.04066171112546879
2023-09-13,1.0156260394751309,1.0674237290519846,-0.04852589292057152
2023-09-14,1.0322693767969233,1.0674237290519846,-0.03293383058505084
2023-09-15,1.0482775946292673,1.0674237290519846,-0.01793677047045006
2023-09-18,1.0454042596018789,1.0674237290519846,-0.02062861153523532
2023-09-19,1.0392663530335247,1.0674237290519846,-0.026378817757281348
2023-09-20,1.0419740032180735,1.0674237290519846,-0.023842196066330423
2023-09-21,1.0230209672717243,1.0674237290519846,-0.04159806510924757
2023-09-22,1.0199109561024924,1.0674237290519846,-0.04451163268750813
2023-09-25,1.0111325554175394,1.0674237290519846,-0.05273554643987466
2023-09-26,0.9993508204292183,1.0674237290519846,-0.06377308913979651
2023-09-27,1.0072246678292442,1.0674237290519846,-0.05639659264105468
2023-10-04,0.9795192293966629,1.0674237290519846,-0.08235201941162829
2023-10-05,0.9662132064931059,1.0674237290519846,-0.0948175685102739
2023-10-06,0.9781576008225205,1.0674237290519846,-0.08362764083270324
2023-10-10,0.9745504024680667,1.0674237290519846,-0.08700699080992125
2023-10-11,0.984937795742387,1.0674237290519846,-0.07727571634823605
2023-10-12,0.9993317387909063,1.0674237290519846,-0.06379096548804764
2023-10-13,0.9927423702635981,1.0674237290519846,-0.06996411711281092
2023-10-16,0.9918481533650972,1.0674237290519846,-0.07080185087697888
2023-10-17,0.9941388069266609,1.0674237290519846,-0.06865588625279162
2023-10-18,0.9986888257627048,1.0674237290519846,-0.06439326896950814
2023-10-19,0.9737514476360659,1.0674237290519846,-0.08775547972791664
2023-10-20,0.9584076334379846,1.0674237290519846,-0.10213010320729976
2023-10-23,0.9435960842122203,1.0674237290519846,-0.11600608218606856
2023-10-24,0.9601094662911387,1.0674237290519846,-0.1005357664815596
2023-10-25,0.963344939246135,1.0674237290519846,-0.09750466190056084
2023-10-26,0.9389853056448793,1.0674237290519846,-0.12032562131738989
2023-10-27,0.9317066473006018,1.0674237290519846,-0.12714452382646368
2023-10-30,0.9311167237744752,1.0674237290519846,-0.12769718488324056
2023-10-31,0.9108635292951407,1.0674237290519846,-0.1466710880559966
2023-11-01,0.9202239360257224,1.0674237290519846,-0.13790193062036882
2023-11-02,0.9294256475095645,1.0674237290519846,-0.1292814444597188
2023-11-03,0.9356393153093777,1.0674237290519846,-0.12346026245795483
2023-11-06,0.9792263815903028,1.0674237290519846,-0.08262636951120883
2023-11-07,0.9696366564061352,1.0674237290519846,-0.09161036051980731
2023-11-08,0.9627891989081271,1.0674237290519846,-0.09802529894738898
2023-11-09,0.9730368001642747,1.0674237290519846,-0.08842498655293907
2023-11-10,0.9764325780917438,1.0674237290519846,-0.0852437026494185
2023-11-13,0.9663634728197074,1.0674237290519846,-0.09467679374341087
2023-11-14,0.966271454962973,1.0674237290519846,-0.0947629993000515
2023-11-15,0.9789905936243066,1.0674237290519846,-0.08284726395038866
2023-11-16,0.9781120451397645,1.0674237290519846,-0.08367031899463284
2023-11-17,0.9739051828522086,1.0674237290519846,-0.08761145518362512
2023-11-20,0.9766732806876887,1.0674237290519846,-0.08501820401247262
2023-11-21,0.9809789689882172,1.0674237290519846,-0.08098448414721104
2023-11-22,0.9818505423683317,1.0674237290519846,-0.0801679636255167
2023-11-23,0.9799030432304183,1.0674237290519846,-0.08199244914603532
2023-11-24,0.9824354068774362,1.0674237290519846,-0.07962004203338191
2023-11-27,0.9831144077200243,1.0674237290519846,-0.07898393022126105
2023-11-28,0.9922917382970019,1.0674237290519846,-0.07038628494956722
2023-11-29,0.9886134178195718,1.0674237290519846,-0.07383226462691339
2023-11-30,0.9867373016794748,1.0674237290519846,-0.07558987605060097
2023-12-01,0.9790135617925113,1.0674237290519846,-0.08282574656457498
2023-12-04,0.9787060093103874,1.0674237290519846,-0.08311387252032554
2023-12-05,0.9778026626802995,1.0674237290519846,-0.08396015933736134
2023-12-06,0.9784113372407804,1.0674237290519846,-0.08338993165372022
2023-12-07,0.9761760943287063,1.0674237290519846,-0.0854839856373798
2023-12-08,0.9850332948247098,1.0674237290519846,-0.07718624945732522
2023-12-11,0.988731720026924,1.0674237290519846,-0.07372143496842587
2023-12-12,0.9909325178412881,1.0674237290519846,-0.07165965036080935
2023-12-13,0.9869068089358761,1.0674237290519846,-0.07543107570563212
2023-12-14,0.9978489526477742,1.0674237290519846,-0.06518009157057258
2023-12-15,0.9888727083371984,1.0674237290519846,-0.07358935217277773
2023-12-18,1.0044367680885469,1.0674237290519846,-0.059008394931765795
2023-12-19,1.0066192814122088,1.0674237290519846,-0.056963739876551456
2023-12-20,1.0299944767112015,1.0674237290519846,-0.035065036800357885
2023-12-21,1.0290817529521012,1.0674237290519846,-0.035920108440849585
2023-12-22,1.0287929110171403,1.0674237290519846,-0.03619070569955718
2023-12-26,1.029542439327987,1.0674237290519846,-0.03548852128071123
2023-12-27,1.0276793746695794,1.0674237290519846,-0.03723390561844031
2023-12-28,1.0433339860640471,1.0674237290519846,-0.022568116421144535
2024-01-02,1.0335541312656793,1.0674237290519846,-0.03173022752303434
2024-01-03,1.0150462143636234,1.0674237290519846,-0.04906909342822974
2024-01-04,1.012308363040681,1.0674237290519846,-0.05163400860523626
2024-01-05,1.0057864857029455,1.0674237290519846,-0.057743932115675634
2024-01-08,1.000114063956319,1.0674237290519846,-0.06305805582516466
2024-01-09,1.0067117291501069,1.0674237290519846,-0.05687713159215424
2024-01-10,1.0085177794489526,1.0674237290519846,-0.05518516030681497
2024-01-11,1.0103989885252784,1.0674237290519846,-0.05342277764178216
2024-01-12,1.0067463308142126,1.0674237290519846,-0.05684471553921855
2024-01-15,1.002651969496862,1.0674237290519846,-0.060680456872219346
2024-01-16,0.989688760331037,1.0674237290519846,-0.07282484603371764
2024-01-17,0.9740516016190052,1.0674237290519846,-0.08747428494577913
2024-01-18,0.9779473371501508,1.0674237290519846,-0.08382462321809236
2024-01-19,0.9776439939618069,1.0674237290519846,-0.08410880575974655
2024-01-22,0.9887215966764246,1.0674237290519846,-0.07373091887835215
2024-01-23,0.9974502178778634,1.0674237290519846,-0.06555364029265776
2024-01-24,0.9959580324379042,1.0674237290519846,-0.06695157196622525
2024-01-25,0.9991320759453275,1.0674237290519846,-0.06397801664696856
2024-01-26,1.0065948282039008,1.0674237290519846,-0.05698664850003665
2024-01-29,1.007975703875707,1.0674237290519846,-0.05569299572258479
2024-01-30,1.0045921544777707,1.0674237290519846,-0.05886282351060035
2024-01-31,1.0043808660360791,1.0674237290519846,-0.05906076593584442
2024-02-01,1.0292098034250161,1.0674237290519846,-0.03580014626516459
2024-02-02,1.05593339676061,1.0674237290519846,-0.010764546429541721
2024-02-05,1.0415775007312138,1.0674237290519846,-0.02421365350733362
2024-02-06,1.0361597680478545,1.0674237290519846,-0.0292891755665734
2024-02-07,1.056866441975524,1.0674237290519846,-0.009890436936264124
2024-02-08,1.0679712634638863,1.0679712634638863,0.0
2024-02-13,1.0624663824545575,1.0679712634638863,-0.005154521659575417
2024-02-14,1.0464102367550334,1.0679712634638863,-0.020188770472083006
2024-02-15,1.0393795796558352,1.0679712634638863,-0.026771959870264705
2024-02-16,1.0600763951923673,1.0679712634638863,-0.007392397662379535
2024-02-19,1.0734216338325318,1.0734216338325318,0.0
2024-02-20,1.0726848292229458,1.0734216338325318,-0.0006864074529178144
2024-02-21,1.0696652929397554,1.0734216338325318,-0.0034994085961960186
2024-02-22,1.070643846149095,1.0734216338325318,-0.0025877880563287547
2024-02-23,1.0707267846717514,1.0734216338325318,-0.0025105224972582496
2024-02-26,1.059671665921903,1.0734216338325318,-0.012809475305184614
2024-02-27,1.0429558323246086,1.0734216338325318,-0.028381952205629002
2024-02-28,1.0499009062288291,1.0734216338325318,-0.021911918730130764
2024-02-29,1.0449008439910439,1.0734216338325318,-0.02656997860165866
2024-03-04,1.062557478207592,1.0734216338325318,-0.010121051488547472
2024-03-05,1.064554854095186,1.0734216338325318,-0.008260295356343761
2024-03-06,1.0690131924182815,1.0734216338325318,-0.004106905688597284
2024-03-07,1.0657629389207335,1.0734216338325318,-0.007134843076018305
2024-03-08,1.0784272099870182,1.0784272099870182,0.0
2024-03-11,1.0604968990741614,1.0784272099870182,-0.016626352475910378
2024-03-12,1.0555119549524195,1.0784272099870182,-0.021248773048738845
2024-03-13,1.0679177905754216,1.0784272099870182,-0.009745135614413147
2024-03-14,1.0795831277416352,1.0795831277416352,0.0
2024-03-15,1.063497931800937,1.0795831277416352,-0.014899451026385235
2024-03-18,1.0820050134934254,1.0820050134934254,0.0
2024-03-19,1.0700010464873386,1.0820050134934254,-0.011094187971763647
2024-03-20,1.0736581612582405,1.0820050134934254,-0.007714245434257028
2024-03-21,1.0965536777804423,1.0965536777804423,0.0
2024-03-22,1.0997940821979544,1.0997940821979544,0.0
2024-03-25,1.0933705179737523,1.0997940821979544,-0.005840697207030399
2024-03-26,1.111653651951188,1.111653651951188,0.0
2024-03-27,1.122850646133315,1.122850646133315,0.0
2024-03-28,1.1211605337212722,1.122850646133315,-0.0015051978799343058
2024-03-29,1.107680385451923,1.122850646133315,-0.01351048844619962
2024-04-01,1.1149378767362752,1.122850646133315,-0.007047036419570496
2024-04-02,1.1165292274180403,1.122850646133315,-0.005629794787974096
2024-04-03,1.1031137800993132,1.122850646133315,-0.01757746330909493
2024-04-04,1.1209149373488048,1.122850646133315,-0.0017239236501987998
2024-04-05,1.0983172202706666,1.122850646133315,-0.02184923341954026
2024-04-08,1.0955143305914408,1.122850646133315,-0.024345460044940426
2024-04-09,1.1029143812809643,1.122850646133315,-0.01775504598140798
2024-04-11,1.1228786577541647,1.1228786577541647,0.0
2024-04-12,1.1142632751814738,1.1228786577541647,-0.007672585557839562
2024-04-15,1.1140650741806315,1.1228786577541647,-0.007849097061975563
2024-04-16,1.0847432752812234,1.1228786577541647,-0.03396215807433256
2024-04-17,1.083304776760641,1.1228786577541647,-0.03524323908041349
2024-04-18,1.1069827020648968,1.1228786577541647,-0.014156432290788223
2024-04-19,1.0872510641092106,1.1228786577541647,-0.03172880114776766
2024-04-22,1.0996818747799117,1.1228786577541647,-0.02065831674158647
2024-04-23,1.1072822909514535,1.1228786577541647,-0.01388962796203208
2024-04-24,1.1257595810370398,1.1257595810370398,0.0
2024-04-25,1.1098990811349871,1.1257595810370398,-0.014088709675863509
2024-04-26,1.1275388126678798,1.1275388126678798,0.0
2024-04-29,1.1566578417444067,1.1566578417444067,0.0
2024-04-30,1.1522339185432364,1.1566578417444067,-0.0038247466463360302
2024-05-02,1.1482944442293426,1.1566578417444067,-0.007230658206104357
2024-05-03,1.1369136406715357,1.1566578417444067,-0.017070044710105425
2024-05-07,1.1568094724760074,1.1568094724760074,0.0
2024-05-08,1.17206433309982,1.17206433309982,0.0
2024-05-09,1.1733066659927447,1.1733066659927447,0.0
2024-05-10,1.1857791553628994,1.1857791553628994,0.0
2024-05-13,1.1990313483741297,1.1990313483741297,0.0
2024-05-14,1.195339274389313,1.1990313483741297,-0.0030792138919663037
2024-05-16,1.222835554486907,1.222835554486907,0.0
2024-05-17,1.2214241109479744,1.222835554486907,-0.001154238224226889
2024-05-20,1.243892452031246,1.243892452031246,0.0
2024-05-21,1.2370841817364422,1.243892452031246,-0.005473359279322021
2024-05-22,1.2306923424932905,1.243892452031246,-0.010611937966501839
2024-05-23,1.231375275478331,1.243892452031246,-0.01006290900187945
2024-05-24,1.245938192146659,1.245938192146659,0.0
2024-05-27,1.2584803447083601,1.2584803447083601,0.0
2024-05-28,1.2701305988320795,1.2701305988320795,0.0
2024-05-29,1.2544400876462118,1.2701305988320795,-0.012353462864602593
2024-05-30,1.23600615730707,1.2701305988320795,-0.026866876175086096
2024-05-31,1.2386576873575637,1.2701305988320795,-0.024779271913814238
2024-06-03,1.2428674131621007,1.2701305988320795,-0.02146486801833447
2024-06-04,1.2217222181479679,1.2701305988320795,-0.03811291589118826
2024-06-05,1.213696352089484,1.2701305988320795,-0.04443184566570435
2024-06-07,1.220771575204937,1.2701305988320795,-0.038861376674594994
2024-06-10,1.2313169457830366,1.2701305988320795,-0.030558789060536773
2024-06-11,1.229477342339845,1.2701305988320795,-0.032007146768699424
2024-06-12,1.2431164356334605,1.2701305988320795,-0.02126880749385862
2024-06-13,1.2524668505987235,1.2701305988320795,-0.013907033063842555
2024-06-14,1.264337011307094,1.2701305988320795,-0.004561410874057259
2024-06-17,1.2787255288757857,1.2787255288757857,0.0
2024-06-18,1.280523425707213,1.280523425707213,0.0
2024-06-19,1.283645434830882,1.283645434830882,0.0
2024-06-20,1.2872123232569073,1.2872123232569073,0.0
2024-06-21,1.3066279041449753,1.3066279041449753,0.0
2024-06-24,1.2874158927252641,1.3066279041449753,-0.014703506146444223
2024-06-25,1.2876844646087562,1.3066279041449753,-0.014497960342133687
2024-06-26,1.2885859630514727,1.3066279041449753,-0.01380801759725836
2024-06-27,1.296804942240007,1.3066279041449753,-0.00751779590333812
2024-06-28,1.3136937969178761,1.3136937969178761,0.0
2024-07-01,1.2868303953368951,1.3136937969178761,-0.02044875422568526
2024-07-02,1.2754172922733455,1.3136937969178761,-0.029136549730487404
2024-07-03,1.275966230303919,1.3136937969178761,-0.028718691298133314
2024-07-04,1.2809763331168482,1.3136937969178761,-0.024904938942231447
2024-07-05,1.2774894241378743,1.3136937969178761,-0.02755921727341848
2024-07-08,1.2862461529061886,1.3136937969178761,-0.02089348680497982
2024-07-09,1.2877403804292264,1.3136937969178761,-0.01975606229514082
2024-07-10,1.303340816721625,1.3136937969178761,-0.007880816839160532
2024-07-11,1.3105876778440109,1.3136937969178761,-0.002364416335947306
2024-07-12,1.3010586392241419,1.3136937969178761,-0.009618038635318404
2024-07-15,1.304585448993886,1.3136937969178761,-0.0069333873276707925
2024-07-16,1.3072962331572635,1.3136937969178761,-0.0048699048253271204
2024-07-17,1.3110643422094954,1.3136937969178761,-0.0020015735132112855
2024-07-18,1.2836931436220334,1.3136937969178761,-0.022836869113813885
2024-07-19,1.2764190088573677,1.3136937969178761,-0.02837403065155719
2024-07-22,1.2633325240648188,1.3136937969178761,-0.0383356250681951
2024-07-23,1.3047771598647302,1.3136937969178761,-0.006787454636739354
2024-07-24,1.3021939680589136,1.3136937969178761,-0.008753812255141047
2024-07-25,1.2498262712005783,1.3136937969178761,-0.04861675214356698
2024-07-26,1.25943963159474,1.3136937969178761,-0.04129894306452886
2024-07-29,1.275861076553492,1.3136937969178761,-0.02879873563622326
2024-07-30,1.2522823944913597,1.3136937969178761,-0.04674712065368414
2024-07-31,1.2532441579149303,1.3136937969178761,-0.046015014415665134
2024-08-01,1.2589534545194323,1.3136937969178761,-0.04166902707988185
2024-08-02,1.1888654599989419,1.3136937969178761,-0.09502087717229113
2024-08-05,1.0821744674710965,1.3136937969178761,-0.17623538300170016
2024-08-06,1.1302884028128346,1.3136937969178761,-0.13961045910039183
2024-08-07,1.1516715967534277,1.3136937969178761,-0.12333330685170085
2024-08-08,1.1525559676682162,1.3136937969178761,-0.12266011275056143
2024-08-09,1.169381573032613,1.3136937969178761,-0.10985225341235638
2024-08-12,1.1816805065036282,1.3136937969178761,-0.10049015282250018
2024-08-13,1.1739227249478974,1.3136937969178761,-0.10639547229187107
2024-08-14,1.185561663514984,1.3136937969178761,-0.09753576800279451
2024-08-16,1.21133889337278,1.3136937969178761,-0.07791382115469847
2024-08-19,1.2018042349590587,1.3136937969178761,-0.08517172131080097
2024-08-20,1.2127816936661138,1.3136937969178761,-0.07681554368949395
2024-08-21,1.2109088923437616,1.3136937969178761,-0.07824114326737586
2024-08-22,1.1980358660993524,1.3136937969178761,-0.08804025039158647
2024-08-23,1.2040175211716901,1.3136937969178761,-0.08348694041450377
2024-08-26,1.198430434027785,1.3136937969178761,-0.08773990039422919
2024-08-27,1.1986690080764866,1.3136937969178761,-0.08755829487149525
2024-08-28,1.1910267152457767,1.3136937969178761,-0.09337570289202468
2024-08-29,1.1688100276515554,1.3136937969178761,-0.11028732084009218
2024-08-30,1.1733292199516518,1.3136937969178761,-0.10684725565085318
2024-09-02,1.1593156189102225,1.3136937969178761,-0.11751458244672242
2024-09-03,1.1684135208250999,1.3136937969178761,-0.11058914675065512
2024-09-04,1.1345176637852046,1.3136937969178761,-0.13639109323119725
2024-09-05,1.1167146053309274,1.3136937969178761,-0.14994300197587263
2024-09-06,1.101039013096593,1.3136937969178761,-0.16187545706632955
2024-09-09,1.1130127242608807,1.3136937969178761,-0.15276091972712624
2024-09-10,1.1156734060663838,1.3136937969178761,-0.15073557576056007
2024-09-11,1.1119627074809133,1.3136937969178761,-0.15356020551383776
2024-09-12,1.137436183610727,1.3136937969178761,-0.1341694797681744
2024-09-13,1.1599016562292053,1.3136937969178761,-0.11706848357622635
2024-09-19,1.187011318415277,1.3136937969178761,-0.09643227272581734
2024-09-20,1.2034545395195375,1.3136937969178761,-0.08391548902565926
2024-09-23,1.208963342310809,1.3136937969178761,-0.0797221200654068
2024-09-24,1.215985025537502,1.3136937969178761,-0.07437712776722682
2024-09-25,1.1941675228873496,1.3136937969178761,-0.09098488118841175
2024-09-26,1.2297639990427225,1.3136937969178761,-0.06388840235986926
2024-09-27,1.2130386016577952,1.3136937969178761,-0.07661998214213483
2024-09-30,1.2014271787915762,1.3136937969178761,-0.08545874113868412
2024-10-02,1.1864640539938787,1.3136937969178761,-0.09684885718612479
2024-10-04,1.2071260499996503,1.3136937969178761,-0.08112068974387321
2024-10-07,1.229923346698664,1.3136937969178761,-0.06376710494922799
2024-10-08,1.2291430543055992,1.3136937969178761,-0.06436107318969286
2024-10-10,1.2367001740690762,1.3136937969178761,-0.05860849996356732
2024-10-11,1.2366293195061568,1.3136937969178761,-0.05866243533502569
2024-10-14,1.2528517466684501,1.3136937969178761,-0.04631372271999046
2024-10-15,1.2629055011769732,1.3136937969178761,-0.03866068018290103
2024-10-16,1.2574652427327988,1.3136937969178761,-0.04280187233661148
2024-10-17,1.2650524694296885,1.3136937969178761,-0.03702638133962988
2024-10-18,1.2677715934503038,1.3136937969178761,-0.03495655043459345
2024-10-21,1.2743759607680563,1.3136937969178761,-0.029929224178469438
2024-10-22,1.2746348479857774,1.3136937969178761,-0.02973215601971857
2024-10-23,1.2649902145270207,1.3136937969178761,-0.037073770543121554
2024-10-24,1.2771176921840706,1.3136937969178761,-0.027842184243861534
2024-10-25,1.291048105519558,1.3136937969178761,-0.017238180960775118
2024-10-28,1.282853691226739,1.3136937969178761,-0.02347587068119883
2024-10-29,1.2936205963940302,1.3136937969178761,-0.015279969023939022
2024-10-30,1.2715100123360215,1.3136937969178761,-0.032110819645205124
2024-10-31,1.2539943617161962,1.3136937969178761,-0.045443949984192544
2024-11-01,1.2403314632632023,1.3136937969178761,-0.05584431762317288
2024-11-04,1.2569678545922318,1.3136937969178761,-0.04318049035378868
2024-11-05,1.263333254506378,1.3136937969178761,-0.038335069047027215
2024-11-06,1.2925497755076332,1.3136937969178761,-0.016095091154308627
2024-11-07,1.3007630905753662,1.3136937969178761,-0.009843013929766053
2024-11-08,1.2890417354683759,1.3136937969178761,-0.018765454710479523
2024-11-11,1.2894332871575942,1.3136937969178761,-0.01846740071179509
2024-11-12,1.259793517034625,1.3136937969178761,-0.04102956108166855
2024-11-13,1.2279765401251328,1.3136937969178761,-0.06524903824152095
2024-11-14,1.2373824418198989,1.3136937969178761,-0.05808914929568454
2024-11-15,1.231779349906758,1.3136937969178761,-0.0623542923041136
2024-11-18,1.2277067864706774,1.3136937969178761,-0.06545437806659149
2024-11-19,1.2297549980364075,1.3136937969178761,-0.06389525403743379
2024-11-20,1.2521316181834539,1.3136937969178761,-0.046861893447968206
2024-11-21,1.2284024638058244,1.3136937969178761,-0.06492481985692411
2024-11-22,1.241856709980749,1.3136937969178761,-0.0546832809180251
2024-11-25,1.2430824940004104,1.3136937969178761,-0.05375019893001742
2024-11-26,1.2163606629863735,1.3136937969178761,-0.07409118788553382
2024-11-27,1.2290924230540565,1.3136937969178761,-0.0643996143258857
2024-11-28,1.2353799593909058,1.3136937969178761,-0.05961346373919585
2024-11-29,1.218645199306184,1.3136937969178761,-0.07235217052458531
2024-12-02,1.216857768270435,1.3136937969178761,-0.07371278518223434
2024-12-03,1.2676909619083787,1.3136937969178761,-0.035017928163645906
2024-12-04,1.2472909028717611,1.3136937969178761,-0.05054670593855748
2024-12-05,1.2305802111471935,1.3136937969178761,-0.06326709158989685
2024-12-06,1.2061695971930146,1.3136937969178761,-0.08184875347446219
2024-12-09,1.1604745851678875,1.3136937969178761,-0.11663236296727897
2024-12-10,1.1918176282502917,1.3136937969178761,-0.09277365011049332
2024-12-11,1.2188399034681618,1.3136937969178761,-0.07220395930334433
2024-12-12,1.2346744861106453,1.3136937969178761,-0.060150478743693614
2024-12-13,1.2492546904100268,1.3136937969178761,-0.04905184652544847
2024-12-16,1.2510335445694478,1.3136937969178761,-0.04769776069236131
2024-12-17,1.244168796663112,1.3136937969178761,-0.05292329187964517
2024-12-18,1.2456255294633543,1.3136937969178761,-0.05181440881750399
2024-12-19,1.2404242580736027,1.3136937969178761,-0.055773681063406744
2024-12-20,1.2295664629228193,1.3136937969178761,-0.0640387693025819
2024-12-23,1.2613750453207468,1.3136937969178761,-0.03982568214897331
2024-12-24,1.2643453107477092,1.3136937969178761,-0.037564679292804715
2024-12-26,1.263746593925336,1.3136937969178761,-0.038020429958430024
2024-12-27,1.2290439285963481,1.3136937969178761,-0.06443652890812868
2024-12-30,1.234650321103115,1.3136937969178761,-0.06016887344692423
2025-01-02,1.2489129851171317,1.3136937969178761,-0.049311956829460546
2025-01-03,1.2494526760843732,1.3136937969178761,-0.048901137376321846
2025-01-06,1.2462399872790182,1.3136937969178761,-0.051346675912693485
2025-01-07,1.2627147085349486,1.3136937969178761,-0.03880591390667454
2025-01-08,1.2597672368133948,1.3136937969178761,-0.04104956591178344
2025-01-09,1.2699579638860947,1.3136937969178761,-0.03329225816121861
2025-01-10,1.2676373820828108,1.3136937969178761,-0.03505871379093106
2025-01-13,1.2726999699683568,1.3136937969178761,-0.031205009147258767
2025-01-14,1.274233397498999,1.3136937969178761,-0.03003774510579038
2025-01-15,1.2889494367469545,1.3136937969178761,-0.01883571364116632
2025-01-16,1.3007012005731458,1.3136937969178761,-0.009890125366514568
2025-01-17,1.3018969560045104,1.3136937969178761,-0.008979901512089716
2025-01-20,1.2908876576996076,1.3136937969178761,-0.01736031582989528
2025-01-21,1.3015060523893964,1.3136937969178761,-0.00927746218873382
2025-01-22,1.3143412417102174,1.3143412417102174,0.0
2025-01-23,1.297311353796983,1.3143412417102174,-0.012956975991315067
2025-01-24,1.3244691342830366,1.3244691342830366,0.0
2025-01-31,1.3169532277867864,1.3244691342830366,-0.00567465583131066
2025-02-03,1.2877894550188551,1.3244691342830366,-0.027693872446515666
2025-02-04,1.3116306502872301,1.3244691342830366,-0.009693305539170805
2025-02-05,1.3057947458838504,1.3244691342830366,-0.014099527060171924
2025-02-06,1.3256865730223886,1.3256865730223886,0.0
2025-02-07,1.320577584068539,1.3256865730223886,-0.003853843780134092
2025-02-10,1.3030564600887324,1.3256865730223886,-0.017070485131385538
2025-02-11,1.325417785922056,1.3256865730223886,-0.00020275312868245354
2025-02-12,1.3330023281275383,1.3330023281275383,0.0
2025-02-13,1.3393281189596695,1.3393281189596695,0.0
2025-02-14,1.3459917596556996,1.3459917596556996,0.0
2025-02-17,1.3545484904762368,1.3545484904762368,0.0
2025-02-18,1.3862983699849072,1.3862983699849072,0.0
2025-02-19,1.3965190834745707,1.3965190834745707,0.0
2025-02-20,1.379617055697806,1.3965190834745707,-0.01210296943075928
2025-02-21,1.3823122371433705,1.3965190834745707,-0.01017304131344432
2025-02-24,1.368582528027191,1.3965190834745707,-0.020004420833171
2025-02-25,1.3640184864927798,1.3965190834745707,-0.02327257634097535
2025-02-26,1.368360514830581,1.3965190834745707,-0.020163396961200397
2025-02-27,1.3600737913028031,1.3965190834745707,-0.02609723891569804
2025-02-28,1.3168377884981697,1.3965190834745707,-0.057057075638488275
2025-03-04,1.3414159739598832,1.3965190834745707,-0.03945746976660691
2025-03-05,1.3612192749573597,1.3965190834745707,-0.02527699688097651
2025-03-06,1.3620504721662612,1.3965190834745707,-0.02468180472160164
2025-03-07,1.361462680970257,1.3965190834745707,-0.025102702082017037
2025-03-10,1.3742693066520337,1.3965190834745707,-0.01593231133453543
2025-03-11,1.356882059968818,1.3965190834745707,-0.028382729584428446
2025-03-12,1.3688872944562536,1.3965190834745707,-0.019786187919157205
2025-03-13,1.3764721634535695,1.3965190834745707,-0.014354920214283085
2025-03-14,1.3820959767051684,1.3965190834745707,-0.010327898086087917
2025-03-17,1.4139815856485523,1.4139815856485523,0.0
2025-03-18,1.420145054855829,1.420145054855829,0.0
2025-03-19,1.4170816655145653,1.420145054855829,-0.002157096087325172
2025-03-20,1.4050700696755631,1.420145054855829,-0.010615102400082788
2025-03-21,1.3895520190898147,1.420145054855829,-0.021542190821570717
2025-03-24,1.39443838296517,1.420145054855829,-0.018101440977991268
2025-03-25,1.3775804377156766,1.420145054855829,-0.029972020811968036
2025-03-26,1.3783381235018635,1.420145054855829,-0.0294384937728841
2025-03-27,1.345785891961193,1.420145054855829,-0.05236025900339092
2025-03-28,1.3232690047929712,1.420145054855829,-0.06821560215388878
2025-03-31,1.3061221755059758,1.420145054855829,-0.08028960067141078
2025-04-01,1.320931833098271,1.420145054855829,-0.06986132960032743
2025-04-02,1.3192868625500056,1.420145054855829,-0.07101964124084659
2025-04-03,1.3094233426986037,1.420145054855829,-0.07796507249639051
2025-04-04,1.2980449779232017,1.420145054855829,-0.08597718698884793
2025-04-07,1.2135095045867637,1.420145054855829,-0.14550312981235758
2025-04-08,1.2321192014577131,1.420145054855829,-0.13239904807977798
2025-04-09,1.2065246228138817,1.420145054855829,-0.15042155821444148
2025-04-10,1.2832664041743,1.420145054855829,-0.09638357026523936
2025-04-11,1.3030144377954147,1.420145054855829,-0.08247792481473326
2025-04-14,1.325532215328716,1.420145054855829,-0.06662195471061794
2025-04-15,1.346199223843968,1.420145054855829,-0.052069209943746086
2025-04-16,1.3478231471729627,1.420145054855829,-0.0509257187746982
2025-04-17,1.362781780865191,1.420145054855829,-0.04039254567306261
2025-04-18,1.3716181328265673,1.420145054855829,-0.03417039820216683
2025-04-21,1.3690153520330695,1.420145054855829,-0.03600315520441688
2025-04-22,1.3711980544864386,1.420145054855829,-0.03446619780284299
2025-04-23,1.379647756727738,1.420145054855829,-0.02851631105542396
2025-04-24,1.3913988550592609,1.420145054855829,-0.020241734953959645
2025-04-25,1.4103547903607279,1.420145054855829,-0.006893848245730805
2025-04-28,1.409912224503587,1.420145054855829,-0.007205482508461536
2025-04-29,1.4172764157326163,1.420145054855829,-0.0020199620548647657
2025-04-30,1.4108888877030017,1.420145054855829,-0.0065177617745301175
2025-05-02,1.4191880239969836,1.420145054855829,-0.0006738965541392972
2025-05-07,1.436779708587698,1.436779708587698,0.0
2025-05-08,1.441431400075157,1.441431400075157,0.0
2025-05-09,1.4613544072958689,1.4613544072958689,0.0
2025-05-12,1.4492105247001743,1.4613544072958689,-0.008310018798359797
2025-05-13,1.4594368444561188,1.4613544072958689,-0.001312181925326672
2025-05-14,1.4756913656465689,1.4756913656465689,0.0
2025-05-15,1.4800338819188907,1.4800338819188907,0.0
2025-05-16,1.4898340723593908,1.4898340723593908,0.0
2025-05-19,1.474124542783347,1.4898340723593908,-0.010544482682669054
2025-05-20,1.4693956891453706,1.4898340723593908,-0.013718563424752972
2025-05-21,1.4848499271240305,1.4898340723593908,-0.003345436466939633
2025-05-22,1.4711492755448514,1.4898340723593908,-0.012541528725376172
2025-05-23,1.4936284557429127,1.4936284557429127,0.0
2025-05-26,1.5217671674183415,1.5217671674183415,0.0
2025-05-27,1.5344284999322493,1.5344284999322493,0.0
2025-05-28,1.5259472180768154,1.5344284999322493,-0.005527322945193203
2025-05-29,1.5641222627481546,1.5641222627481546,0.0
2025-05-30,1.5597008695477568,1.5641222627481546,-0.0028267567732394028
2025-06-02,1.5609731378735734,1.5641222627481546,-0.0020133495632548293
2025-06-04,1.6195115765106574,1.6195115765106574,0.0
2025-06-05,1.6230985905366855,1.6230985905366855,0.0
2025-06-09,1.6257375489794652,1.6257375489794652,0.0
2025-06-10,1.6595322130020922,1.6595322130020922,0.0
2025-06-11,1.6723798668172145,1.6723798668172145,0.0
2025-06-12,1.7003715347903674,1.7003715347903674,0.0
2025-06-13,1.6778342482936133,1.7003715347903674,-0.013254330618709509
2025-06-16,1.739800356870968,1.739800356870968,0.0
2025-06-17,1.743655102389076,1.743655102389076,0.0
2025-06-18,1.7458352056535984,1.7458352056535984,0.0
2025-06-19,1.7623900446836243,1.7623900446836243,0.0
2025-06-20,1.7564473819122655,1.7623900446836243,-0.003371933919670722
2025-06-23,1.7635598502742857,1.7635598502742857,0.0
2025-06-24,1.7944534716307545,1.7944534716307545,0.0
2025-06-25,1.784093523617144,1.7944534716307545,-0.005773316598839173
2025-06-26,1.7822396289969016,1.7944534716307545,-0.006806441530497476
2025-06-27,1.7789524770488128,1.7944534716307545,-0.008638281698022943
2025-06-30,1.7950135777526133,1.7950135777526133,0.0
2025-07-01,1.811827700981709,1.811827700981709,0.0
2025-07-02,1.7823722192724463,1.811827700981709,-0.01625733048087452
2025-07-03,1.7769130126474275,1.811827700981709,-0.019270424177400214
2025-07-04,1.725557838363633,1.811827700981709,-0.047614827045271535
2025-07-07,1.7651023247807291,1.811827700981709,-0.025789083683654068
2025-07-08,1.8238992060367754,1.8238992060367754,0.0
2025-07-09,1.8691874615750725,1.8691874615750725,0.0
2025-07-10,1.8880842037124372,1.8880842037124372,0.0
2025-07-11,1.8730496338235374,1.8880842037124372,-0.007962870437313252
2025-07-14,1.9068389690585081,1.9068389690585081,0.0
2025-07-15,1.9371360883207986,1.9371360883207986,0.0
2025-07-16,1.9190678070406946,1.9371360883207986,-0.009327316438447308
2025-07-17,1.928503671721285,1.9371360883207986,-0.00445627782764435
2025-07-18,1.9165409025841749,1.9371360883207986,-0.010631770199726498
2025-07-21,1.9210452454807136,1.9371360883207986,-0.008306511316937604
2025-07-22,1.9111476266279457,1.9371360883207986,-0.013415919433611423
2025-07-23,1.912138218500746,1.9371360883207986,-0.012904550160810824
2025-07-24,1.9061892450392701,1.9371360883207986,-0.01597556489092855
2025-07-25,1.9148276941459288,1.9371360883207986,-0.011516172926295476
2025-07-28,1.9017213120505385,1.9371360883207986,-0.018282028032919118
2025-07-29,1.9379669625246023,1.9379669625246023,0.0
2025-07-30,1.9169031696969538,1.9379669625246023,-0.010869015434715412
2025-07-31,1.9319864764382713,1.9379669625246023,-0.0030859587402564115
2025-08-01,1.8397286708795237,1.9379669625246023,-0.05069141711120961
2025-08-04,1.8624076684384074,1.9379669625246023,-0.03898894849464474
2025-08-05,1.8846918882974775,1.9379669625246023,-0.027490187014190925
2025-08-06,1.9195976960711116,1.9379669625246023,-0.009478627246339077
2025-08-07,1.9232081708970195,1.9379669625246023,-0.00761560538078343
2025-08-08,1.8870523968952115,1.9379669625246023,-0.02627215355780066
2025-08-11,1.8490878823848023,1.9379669625246023,-0.04586202028130382
2025-08-12,1.8289986635374904,1.9379669625246023,-0.05622815099239786
2025-08-13,1.8188025371872858,1.9379669625246023,-0.06148939978939594
2025-08-14,1.8236074577241257,1.9379669625246023,-0.05901003836076735
2025-08-18,1.8107463717262042,1.9379669625246023,-0.06564641877726696
2025-08-19,1.7793294578843502,1.9379669625246023,-0.08185769298852963
2025-08-20,1.7527028313564945,1.9379669625246023,-0.09559715658246459
2025-08-21,1.7783604253164271,1.9379669625246023,-0.08235771831747574
2025-08-22,1.8077566457480807,1.9379669625246023,-0.06718913133941962
2025-08-25,1.8303502153010889,1.9379669625246023,-0.05553074397270452
2025-08-26,1.823493128852959,1.9379669625246023,-0.05906903259203011
2025-08-27,1.8168153853584743,1.9379669625246023,-0.06251477941001793
2025-08-28,1.8268935138175249,1.9379669625246023,-0.05731441807572479
2025-08-29,1.8358475070493523,1.9379669625246023,-0.05269411576666838
2025-09-01,1.8113418020992655,1.9379669625246023,-0.06533917392501953
2025-09-02,1.8052942571172739,1.9379669625246023,-0.06845973536849914
2025-09-03,1.815470953503531,1.9379669625246023,-0.06320851252360615
2025-09-04,1.8162893505010405,1.9379669625246023,-0.06278621585223088
2025-09-05,1.8195561316606037,1.9379669625246023,-0.061100541523032015
2025-09-08,1.8300135999964342,1.9379669625246023,-0.05570443904138411
2025-09-09,1.8435513987621128,1.9379669625246023,-0.04871887167750977
2025-09-10,1.8798131313435462,1.9379669625246023,-0.03000764837874159
2025-09-11,1.8878761841948892,1.9379669625246023,-0.02584707546534204
2025-09-12,1.8914042151748556,1.9379669625246023,-0.024026595009178697
2025-09-15,1.9233150262183756,1.9379669625246023,-0.007560467536112947
2025-09-16,1.9357830657113615,1.9379669625246023,-0.0011269009510852523
2025-09-17,1.9119573265318355,1.9379669625246023,-0.01342109359742849
2025-09-18,1.9199200900346314,1.9379669625246023,-0.009312270456076854
2025-09-19,1.9272585586896784,1.9379669625246023,-0.00552558637066447
2025-09-22,1.9066466624939225,1.9379669625246023,-0.016161421033658252
2025-09-23,1.9053158759564992,1.9379669625246023,-0.016848113099703355
2025-09-24,1.8941562649840864,1.9379669625246023,-0.022606524459758304
2025-09-25,1.8728309421100886,1.9379669625246023,-0.03361049061933474
2025-09-26,1.8435696225853626,1.9379669625246023,-0.0487094680996355
2025-09-29,1.8642345648051672,1.9379669625246023,-0.03804626144058898
2025-09-30,1.8752882639957817,1.9379669625246023,-0.03234250105438774
2025-10-01,1.8936518639355024,1.9379669625246023,-0.02286679775560796
2025-10-02,1.9070524385921253,1.9379669625246023,-0.01595203867263273
2025-10-10,1.9033539691570414,1.9379669625246023,-0.017860466167323286
2025-10-13,1.8932570387286916,1.9379669625246023,-0.02307052940555132
2025-10-14,1.8618915300748617,1.9379669625246023,-0.039255278299809904
2025-10-15,1.9402917512680293,1.9402917512680293,0.0
2025-10-16,1.943901429434954,1.943901429434954,0.0
2025-10-17,1.9115837768607697,1.943901429434954,-0.016625149858333188
2025-10-20,1.953621695239354,1.953621695239354,0.0
2025-10-21,1.955486044430574,1.955486044430574,0.0
2025-10-22,2.0047655370125,2.0047655370125,0.0
2025-10-23,2.0014817620816396,2.0047655370125,-0.0016379845274844262
2025-10-24,2.032243106528113,2.032243106528113,0.0
2025-10-27,2.0806502222777388,2.0806502222777388,0.0
2025-10-28,2.071201562119394,2.0806502222777388,-0.004541205464127063
2025-10-29,2.0908708067045474,2.0908708067045474,0.0
2025-10-30,2.100370814501413,2.100370814501413,0.0
2025-10-31,2.08763539759726,2.100370814501413,-0.006063413572605647
2025-11-03,2.138051561317397,2.138051561317397,0.0
2025-11-04,2.095545997151093,2.138051561317397,-0.019880514078955858
2025-11-05,2.019067373882543,2.138051561317397,-0.05565075678602438
2025-11-06,2.0272151493243165,2.138051561317397,-0.05183991536891974
2025-11-07,1.9810901452338645,2.138051561317397,-0.07341329784713801
2025-11-10,2.049804899022734,2.138051561317397,-0.04127433776212963
2025-11-11,2.024871837059486,2.138051561317397,-0.05293591899541161
2025-11-12,2.0535621045218306,2.138051561317397,-0.03951703425875597
2025-11-13,2.0644676213579625,2.138051561317397,-0.03441635425952705
2025-11-14,2.003629665050872,2.138051561317397,-0.06287121353785252
2025-11-17,2.0391587848837696,2.138051561317397,-0.04625369108156252
2025-11-18,1.9732923636769433,2.138051561317397,-0.07706044167566029
2025-11-19,1.979855374374785,2.138051561317397,-0.07399081940060259
2025-11-20,2.0208665121729394,2.138051561317397,-0.054809271798969994
2025-11-21,1.9434259930207063,2.138051561317397,-0.09102940818544558
2025-11-24,1.9474630002481241,2.138051561317397,-0.08914123705783705
2025-11-25,1.9685995168121921,2.138051561317397,-0.07925535921163385
2025-11-26,2.011631980880451,2.138051561317397,-0.05912840584585821
2025-11-27,2.035705415339847,2.138051561317397,-0.04786888577864212
2025-11-28,2.014475905805984,2.138051561317397,-0.05779825788451498
2025-12-01,1.9876547003738358,2.138051561317397,-0.07034295321245265
2025-12-02,2.036036443171021,2.138051561317397,-0.04771405890862501
2025-12-03,2.0634576374337996,2.138051561317397,-0.03488873946409177
2025-12-04,2.0547629242068624,2.138051561317397,-0.038955392197938754
2025-12-05,2.0938874636130937,2.138051561317397,-0.02065623603440636
2025-12-08,2.116075211819418,2.138051561317397,-0.010278680783749605
2025-12-09,2.123453529162817,2.138051561317397,-0.0068277268980290184
2025-12-10,2.117018730623712,2.138051561317397,-0.009837382350463608
2025-12-11,2.1019579513042412,2.138051561317397,-0.016881543301470292
2025-12-12,2.144858149216868,2.144858149216868,0.0
2025-12-15,2.115268568095747,2.144858149216868,-0.013795588828065308
2025-12-16,2.07966819047895,2.144858149216868,-0.030393599111307346
2025-12-17,2.083637752965533,2.144858149216868,-0.028542864838725035
2025-12-18,2.0461459268435873,2.144858149216868,-0.04602272761456161
2025-12-19,2.0789613010182353,2.144858149216868,-0.030723173102469747
2025-12-22,2.116032934048564,2.144858149216868,-0.013439217497356881
2025-12-23,2.0970273390762397,2.144858149216868,-0.022300220720000596
2025-12-24,2.0859916891074706,2.144858149216868,-0.02744538613469183
2025-12-26,2.070971464152958,2.144858149216868,-0.03444828511894249
2025-12-29,2.101369823467307,2.144858149216868,-0.02027561858365301
2025-12-30,2.0910543900636474,2.144858149216868,-0.025084996493994427
